{
  "__type__": "cc.SpriteFrame",
  "content": {
    "name": "blue_flower_2",
    "atlas": "",
    "rect": {
      "x": 0,
      "y": 1,
      "width": 489,
      "height": 419
    },
    "offset": {
      "x": 0,
      "y": -0.5
    },
    "originalSize": {
      "width": 489,
      "height": 420
    },
    "rotated": false,
    "capInsets": [
      0,
      0,
      0,
      0
    ],
    "vertices": {
      "rawPosition": [
        -244.5,
        -209.5,
        0,
        244.5,
        -209.5,
        0,
        -244.5,
        209.5,
        0,
        244.5,
        209.5,
        0
      ],
      "indexes": [
        0,
        1,
        2,
        2,
        1,
        3
      ],
      "uv": [
        0,
        419,
        489,
        419,
        0,
        0,
        489,
        0
      ],
      "nuv": [
        0,
        0,
        1,
        0,
        0,
        0.9976190476190476,
        1,
        0.9976190476190476
      ],
      "minPos": {
        "x": -244.5,
        "y": -209.5,
        "z": 0
      },
      "maxPos": {
        "x": 244.5,
        "y": 209.5,
        "z": 0
      }
    },
    "texture": "0fd4e463-0928-4d68-91c4-3ba14c5025db@6c48a",
    "packable": true,
    "pixelsToUnit": 100,
    "pivot": {
      "x": 0.5,
      "y": 0.5
    },
    "meshType": 0
  }
}