{
  "__type__": "cc.SpriteFrame",
  "content": {
    "name": "flower1_small",
    "atlas": "",
    "rect": {
      "x": 0,
      "y": 2,
      "width": 148,
      "height": 135
    },
    "offset": {
      "x": -1,
      "y": -1
    },
    "originalSize": {
      "width": 150,
      "height": 137
    },
    "rotated": false,
    "capInsets": [
      0,
      0,
      0,
      0
    ],
    "vertices": {
      "rawPosition": [
        -74,
        -67.5,
        0,
        74,
        -67.5,
        0,
        -74,
        67.5,
        0,
        74,
        67.5,
        0
      ],
      "indexes": [
        0,
        1,
        2,
        2,
        1,
        3
      ],
      "uv": [
        0,
        135,
        148,
        135,
        0,
        0,
        148,
        0
      ],
      "nuv": [
        0,
        0,
        0.9866666666666667,
        0,
        0,
        0.9854014598540146,
        0.9866666666666667,
        0.9854014598540146
      ],
      "minPos": {
        "x": -74,
        "y": -67.5,
        "z": 0
      },
      "maxPos": {
        "x": 74,
        "y": 67.5,
        "z": 0
      }
    },
    "texture": "c68d0aa1-8dd9-4e1a-8f2e-f00f68601e8a@6c48a",
    "packable": true,
    "pixelsToUnit": 100,
    "pivot": {
      "x": 0.5,
      "y": 0.5
    },
    "meshType": 0
  }
}