{
  "__type__": "cc.SpriteFrame",
  "content": {
    "name": "square",
    "atlas": "",
    "rect": {
      "x": 24,
      "y": 53,
      "width": 704,
      "height": 641
    },
    "offset": {
      "x": 1,
      "y": 1.5
    },
    "originalSize": {
      "width": 750,
      "height": 750
    },
    "rotated": false,
    "capInsets": [
      0,
      0,
      0,
      0
    ],
    "vertices": {
      "rawPosition": [
        -352,
        -320.5,
        0,
        352,
        -320.5,
        0,
        -352,
        320.5,
        0,
        352,
        320.5,
        0
      ],
      "indexes": [
        0,
        1,
        2,
        2,
        1,
        3
      ],
      "uv": [
        24,
        697,
        728,
        697,
        24,
        56,
        728,
        56
      ],
      "nuv": [
        0.032,
        0.07466666666666667,
        0.9706666666666667,
        0.07466666666666667,
        0.032,
        0.9293333333333333,
        0.9706666666666667,
        0.9293333333333333
      ],
      "minPos": {
        "x": -352,
        "y": -320.5,
        "z": 0
      },
      "maxPos": {
        "x": 352,
        "y": 320.5,
        "z": 0
      }
    },
    "texture": "4d4b2114-9496-4b0a-8c0a-c9c04de9dd01@6c48a",
    "packable": true,
    "pixelsToUnit": 100,
    "pivot": {
      "x": 0.5,
      "y": 0.5
    },
    "meshType": 0
  }
}