{
  "__type__": "cc.SpriteFrame",
  "content": {
    "name": "box_bonus_1",
    "atlas": "",
    "rect": {
      "x": 10,
      "y": 11,
      "width": 63,
      "height": 44
    },
    "offset": {
      "x": 0,
      "y": -1.5
    },
    "originalSize": {
      "width": 83,
      "height": 63
    },
    "rotated": false,
    "capInsets": [
      0,
      0,
      0,
      0
    ],
    "vertices": {
      "rawPosition": [
        -31.5,
        -22,
        0,
        31.5,
        -22,
        0,
        -31.5,
        22,
        0,
        31.5,
        22,
        0
      ],
      "indexes": [
        0,
        1,
        2,
        2,
        1,
        3
      ],
      "uv": [
        10,
        52,
        73,
        52,
        10,
        8,
        73,
        8
      ],
      "nuv": [
        0.12048192771084337,
        0.12698412698412698,
        0.8795180722891566,
        0.12698412698412698,
        0.12048192771084337,
        0.8253968253968254,
        0.8795180722891566,
        0.8253968253968254
      ],
      "minPos": {
        "x": -31.5,
        "y": -22,
        "z": 0
      },
      "maxPos": {
        "x": 31.5,
        "y": 22,
        "z": 0
      }
    },
    "texture": "181728a5-47c6-4ce6-941a-5d3ab7d97153@6c48a",
    "packable": true,
    "pixelsToUnit": 100,
    "pivot": {
      "x": 0.5,
      "y": 0.5
    },
    "meshType": 0
  }
}