{
  "__type__": "cc.SpriteFrame",
  "content": {
    "name": "blue_flower_1",
    "atlas": "",
    "rect": {
      "x": 1,
      "y": 8,
      "width": 482,
      "height": 442
    },
    "offset": {
      "x": -3.5,
      "y": -4
    },
    "originalSize": {
      "width": 491,
      "height": 450
    },
    "rotated": false,
    "capInsets": [
      0,
      0,
      0,
      0
    ],
    "vertices": {
      "rawPosition": [
        -241,
        -221,
        0,
        241,
        -221,
        0,
        -241,
        221,
        0,
        241,
        221,
        0
      ],
      "indexes": [
        0,
        1,
        2,
        2,
        1,
        3
      ],
      "uv": [
        1,
        442,
        483,
        442,
        1,
        0,
        483,
        0
      ],
      "nuv": [
        0.002036659877800407,
        0,
        0.9837067209775967,
        0,
        0.002036659877800407,
        0.9822222222222222,
        0.9837067209775967,
        0.9822222222222222
      ],
      "minPos": {
        "x": -241,
        "y": -221,
        "z": 0
      },
      "maxPos": {
        "x": 241,
        "y": 221,
        "z": 0
      }
    },
    "texture": "519d149e-9e58-4313-9e20-f96cd5401782@6c48a",
    "packable": true,
    "pixelsToUnit": 100,
    "pivot": {
      "x": 0.5,
      "y": 0.5
    },
    "meshType": 0
  }
}