{
  "__type__": "cc.SpriteFrame",
  "content": {
    "name": "rays",
    "atlas": "",
    "rect": {
      "x": 3,
      "y": 8,
      "width": 507,
      "height": 475
    },
    "offset": {
      "x": 0.5,
      "y": 10.5
    },
    "originalSize": {
      "width": 512,
      "height": 512
    },
    "rotated": false,
    "capInsets": [
      0,
      0,
      0,
      0
    ],
    "vertices": {
      "rawPosition": [
        -253.5,
        -237.5,
        0,
        253.5,
        -237.5,
        0,
        -253.5,
        237.5,
        0,
        253.5,
        237.5,
        0
      ],
      "indexes": [
        0,
        1,
        2,
        2,
        1,
        3
      ],
      "uv": [
        3,
        504,
        510,
        504,
        3,
        29,
        510,
        29
      ],
      "nuv": [
        0.005859375,
        0.056640625,
        0.99609375,
        0.056640625,
        0.005859375,
        0.984375,
        0.99609375,
        0.984375
      ],
      "minPos": {
        "x": -253.5,
        "y": -237.5,
        "z": 0
      },
      "maxPos": {
        "x": 253.5,
        "y": 237.5,
        "z": 0
      }
    },
    "texture": "89acbc51-85de-4722-883f-e8874c55b3b3@6c48a",
    "packable": true,
    "pixelsToUnit": 100,
    "pivot": {
      "x": 0.5,
      "y": 0.5
    },
    "meshType": 0
  }
}