{
  "__type__": "cc.SpriteFrame",
  "content": {
    "name": "box_small",
    "atlas": "",
    "rect": {
      "x": 17,
      "y": 19,
      "width": 116,
      "height": 82
    },
    "offset": {
      "x": 0,
      "y": -3
    },
    "originalSize": {
      "width": 150,
      "height": 114
    },
    "rotated": false,
    "capInsets": [
      0,
      0,
      0,
      0
    ],
    "vertices": {
      "rawPosition": [
        -58,
        -41,
        0,
        58,
        -41,
        0,
        -58,
        41,
        0,
        58,
        41,
        0
      ],
      "indexes": [
        0,
        1,
        2,
        2,
        1,
        3
      ],
      "uv": [
        17,
        95,
        133,
        95,
        17,
        13,
        133,
        13
      ],
      "nuv": [
        0.11333333333333333,
        0.11403508771929824,
        0.8866666666666667,
        0.11403508771929824,
        0.11333333333333333,
        0.8333333333333334,
        0.8866666666666667,
        0.8333333333333334
      ],
      "minPos": {
        "x": -58,
        "y": -41,
        "z": 0
      },
      "maxPos": {
        "x": 58,
        "y": 41,
        "z": 0
      }
    },
    "texture": "b47711c3-3733-46a1-a1b4-8e8e66e96767@6c48a",
    "packable": true,
    "pixelsToUnit": 100,
    "pivot": {
      "x": 0.5,
      "y": 0.5
    },
    "meshType": 0
  }
}